{
    "best_params": {
        "n_estimators": 224,
        "max_depth": 9,
        "learning_rate": 0.2174454995407021,
        "subsample": 0.9197840256043122,
        "colsample_bytree": 0.9984846185454473,
        "gamma": 0.9354653096240001
    },
    "best_score": 0.7074429726591056
}