{
    "LogisticRegression": {
        "accuracy": 0.7916666666666666,
        "precision": 0.7021276595744681,
        "recall": 0.673469387755102,
        "f1_score": 0.6875,
        "roc_auc": 0.8150375939849624
    },
    "RandomForest": {
        "accuracy": 0.8263888888888888,
        "precision": 0.7857142857142857,
        "recall": 0.673469387755102,
        "f1_score": 0.7252747252747253,
        "roc_auc": 0.8887218045112781
    },
    "XGBoost": {
        "accuracy": 0.8194444444444444,
        "precision": 0.7674418604651163,
        "recall": 0.673469387755102,
        "f1_score": 0.717391304347826,
        "roc_auc": 0.8605800214822771
    },
    "NeuralNetwork": {
        "accuracy": 0.7777777777777778,
        "precision": 0.6808510638297872,
        "recall": 0.6530612244897959,
        "f1_score": 0.6666666666666666,
        "roc_auc": 0.7585392051557465
    }
}