{
    "LogisticRegression": {
        "accuracy": 0.8407079646017699,
        "precision": 0.7666666666666667,
        "recall": 0.6764705882352942,
        "f1_score": 0.71875,
        "roc_auc": 0.80994043186895
    },
    "RandomForest": {
        "accuracy": 0.7964601769911505,
        "precision": 0.6896551724137931,
        "recall": 0.5882352941176471,
        "f1_score": 0.6349206349206349,
        "roc_auc": 0.7898361876396127
    },
    "XGBoost": {
        "accuracy": 0.7964601769911505,
        "precision": 0.6896551724137931,
        "recall": 0.5882352941176471,
        "f1_score": 0.6349206349206349,
        "roc_auc": 0.8017498138495905
    },
    "NeuralNetwork": {
        "accuracy": 0.8141592920353983,
        "precision": 0.7241379310344828,
        "recall": 0.6176470588235294,
        "f1_score": 0.6666666666666666,
        "roc_auc": 0.7879746835443038
    }
}