{
    "LogisticRegression": {
        "accuracy": 0.8407079646017699,
        "precision": 0.7666666666666667,
        "recall": 0.6764705882352942,
        "f1_score": 0.71875,
        "roc_auc": 0.80994043186895
    },
    "RandomForest": {
        "accuracy": 0.7964601769911505,
        "precision": 0.6896551724137931,
        "recall": 0.5882352941176471,
        "f1_score": 0.6349206349206349,
        "roc_auc": 0.7905807892777363
    },
    "XGBoost": {
        "accuracy": 0.7964601769911505,
        "precision": 0.6896551724137931,
        "recall": 0.5882352941176471,
        "f1_score": 0.6349206349206349,
        "roc_auc": 0.8017498138495905
    },
    "NeuralNetwork": {
        "accuracy": 0.7610619469026548,
        "precision": 0.6296296296296297,
        "recall": 0.5,
        "f1_score": 0.5573770491803278,
        "roc_auc": 0.7678704393149665
    }
}