{
    "best_params": {
        "n_estimators": 276,
        "max_depth": 8,
        "learning_rate": 0.023752301733512556,
        "subsample": 0.621657372559322,
        "colsample_bytree": 0.7297642445946757,
        "gamma": 0.2707609431305482
    },
    "best_score": 0.7242616496208211
}